[{"model": "admin.logentry", "pk": 1, "fields": {"action_time": "2024-12-23T19:55:34.863Z", "user": 1, "content_type": 7, "object_id": "1", "object_repr": "Numonjon Yusupov", "action_flag": 1, "change_message": "[{\"added\": {}}]"}}, {"model": "admin.logentry", "pk": 2, "fields": {"action_time": "2024-12-23T19:56:29.241Z", "user": 1, "content_type": 7, "object_id": "2", "object_repr": "Mardonbek Norboyev", "action_flag": 1, "change_message": "[{\"added\": {}}]"}}, {"model": "admin.logentry", "pk": 3, "fields": {"action_time": "2024-12-23T19:57:27.541Z", "user": 1, "content_type": 7, "object_id": "3", "object_repr": "Shirin Tokhirova", "action_flag": 1, "change_message": "[{\"added\": {}}]"}}, {"model": "admin.logentry", "pk": 4, "fields": {"action_time": "2024-12-23T19:57:43.053Z", "user": 1, "content_type": 7, "object_id": "2", "object_repr": "Mardonbek Norboyev", "action_flag": 2, "change_message": "[{\"changed\": {\"fields\": [\"Bio\"]}}]"}}, {"model": "admin.logentry", "pk": 5, "fields": {"action_time": "2024-12-23T19:57:48.312Z", "user": 1, "content_type": 7, "object_id": "1", "object_repr": "Numonjon Yusupov", "action_flag": 2, "change_message": "[{\"changed\": {\"fields\": [\"Bio\"]}}]"}}, {"model": "admin.logentry", "pk": 6, "fields": {"action_time": "2024-12-23T19:59:06.436Z", "user": 1, "content_type": 9, "object_id": "1", "object_repr": "Sotuv", "action_flag": 1, "change_message": "[{\"added\": {}}]"}}, {"model": "admin.logentry", "pk": 7, "fields": {"action_time": "2024-12-23T19:59:34.078Z", "user": 1, "content_type": 9, "object_id": "2", "object_repr": "SMM", "action_flag": 1, "change_message": "[{\"added\": {}}]"}}, {"model": "admin.logentry", "pk": 8, "fields": {"action_time": "2024-12-23T20:00:13.848Z", "user": 1, "content_type": 10, "object_id": "1", "object_repr": "SMM - SMM ga kirish va maqsadni aniqlash", "action_flag": 1, "change_message": "[{\"added\": {}}]"}}, {"model": "admin.logentry", "pk": 9, "fields": {"action_time": "2024-12-23T20:00:33.039Z", "user": 1, "content_type": 10, "object_id": "2", "object_repr": "SMM - Bozor va auditoriya analizi", "action_flag": 1, "change_message": "[{\"added\": {}}]"}}, {"model": "admin.logentry", "pk": 10, "fields": {"action_time": "2024-12-23T20:00:43.278Z", "user": 1, "content_type": 10, "object_id": "3", "object_repr": "SMM - Strategiya va kontent plan tuzish", "action_flag": 1, "change_message": "[{\"added\": {}}]"}}, {"model": "admin.logentry", "pk": 11, "fields": {"action_time": "2024-12-23T20:00:58.439Z", "user": 1, "content_type": 10, "object_id": "4", "object_repr": "SMM - Stories-making", "action_flag": 1, "change_message": "[{\"added\": {}}]"}}, {"model": "admin.logentry", "pk": 12, "fields": {"action_time": "2024-12-23T20:01:08.482Z", "user": 1, "content_type": 10, "object_id": "5", "object_repr": "SMM - Syomka va montaj", "action_flag": 1, "change_message": "[{\"added\": {}}]"}}, {"model": "admin.logentry", "pk": 13, "fields": {"action_time": "2024-12-23T20:01:26.539Z", "user": 1, "content_type": 10, "object_id": "6", "object_repr": "SMM - Pragrev va Komyuniti menejment", "action_flag": 1, "change_message": "[{\"added\": {}}]"}}, {"model": "admin.logentry", "pk": 14, "fields": {"action_time": "2024-12-23T20:01:34.446Z", "user": 1, "content_type": 10, "object_id": "7", "object_repr": "SMM - Vazifa taqsimoti va menejment", "action_flag": 1, "change_message": "[{\"added\": {}}]"}}, {"model": "admin.logentry", "pk": 15, "fields": {"action_time": "2024-12-23T20:01:44.965Z", "user": 1, "content_type": 10, "object_id": "8", "object_repr": "SMM - SMM Trends, Ad", "action_flag": 1, "change_message": "[{\"added\": {}}]"}}, {"model": "admin.logentry", "pk": 16, "fields": {"action_time": "2024-12-23T20:01:54.122Z", "user": 1, "content_type": 10, "object_id": "9", "object_repr": "SMM - Campaigns, and Professional", "action_flag": 1, "change_message": "[{\"added\": {}}]"}}, {"model": "admin.logentry", "pk": 17, "fields": {"action_time": "2024-12-23T20:02:02.690Z", "user": 1, "content_type": 10, "object_id": "10", "object_repr": "SMM - Development", "action_flag": 1, "change_message": "[{\"added\": {}}]"}}, {"model": "admin.logentry", "pk": 18, "fields": {"action_time": "2024-12-23T20:02:44.186Z", "user": 1, "content_type": 10, "object_id": "11", "object_repr": "Sotuv - Sotuvga kirish", "action_flag": 1, "change_message": "[{\"added\": {}}]"}}, {"model": "admin.logentry", "pk": 19, "fields": {"action_time": "2024-12-23T20:02:55.596Z", "user": 1, "content_type": 10, "object_id": "12", "object_repr": "Sotuv - Sotuv jarayonining bosqichlari", "action_flag": 1, "change_message": "[{\"added\": {}}]"}}, {"model": "admin.logentry", "pk": 20, "fields": {"action_time": "2024-12-23T20:03:03.845Z", "user": 1, "content_type": 10, "object_id": "13", "object_repr": "Sotuv - Potensial mijozlarni qidirish va yaratish", "action_flag": 1, "change_message": "[{\"added\": {}}]"}}, {"model": "admin.logentry", "pk": 21, "fields": {"action_time": "2024-12-23T20:03:12.748Z", "user": 1, "content_type": 10, "object_id": "14", "object_repr": "Sotuv - Mijoz bilan aloqa o’rnatish va muammolarni yengish", "action_flag": 1, "change_message": "[{\"added\": {}}]"}}, {"model": "admin.logentry", "pk": 22, "fields": {"action_time": "2024-12-23T20:03:25.489Z", "user": 1, "content_type": 10, "object_id": "15", "object_repr": "Sotuv - Samarali sotuv taqdimoti", "action_flag": 1, "change_message": "[{\"added\": {}}]"}}, {"model": "admin.logentry", "pk": 23, "fields": {"action_time": "2024-12-23T20:03:34.245Z", "user": 1, "content_type": 10, "object_id": "16", "object_repr": "Sotuv - Bitimni yopish texnikalari", "action_flag": 1, "change_message": "[{\"added\": {}}]"}}, {"model": "admin.logentry", "pk": 24, "fields": {"action_time": "2024-12-23T20:03:41.661Z", "user": 1, "content_type": 10, "object_id": "17", "object_repr": "Sotuv - Sotuv ko‘rsatkichlarini tahlil qilish va rivojlanish", "action_flag": 1, "change_message": "[{\"added\": {}}]"}}, {"model": "admin.logentry", "pk": 25, "fields": {"action_time": "2024-12-23T20:04:31.643Z", "user": 1, "content_type": 7, "object_id": "4", "object_repr": "Badalova Shaxnoza", "action_flag": 1, "change_message": "[{\"added\": {}}]"}}, {"model": "admin.logentry", "pk": 26, "fields": {"action_time": "2024-12-23T20:04:55.829Z", "user": 1, "content_type": 9, "object_id": "3", "object_repr": "China Order", "action_flag": 1, "change_message": "[{\"added\": {}}]"}}, {"model": "admin.logentry", "pk": 27, "fields": {"action_time": "2024-12-23T20:05:07.927Z", "user": 1, "content_type": 10, "object_id": "18", "object_repr": "China Order - ILOVADAN RO’YXATDAN O’TISH", "action_flag": 1, "change_message": "[{\"added\": {}}]"}}, {"model": "admin.logentry", "pk": 28, "fields": {"action_time": "2024-12-23T20:05:16.311Z", "user": 1, "content_type": 10, "object_id": "19", "object_repr": "China Order - VISA KARTA ULASH", "action_flag": 1, "change_message": "[{\"added\": {}}]"}}, {"model": "admin.logentry", "pk": 29, "fields": {"action_time": "2024-12-23T20:05:30.687Z", "user": 1, "content_type": 10, "object_id": "20", "object_repr": "China Order - ILOVADAN TOVAR SOTIB OLISH TARTIBI", "action_flag": 1, "change_message": "[{\"added\": {}}]"}}, {"model": "admin.logentry", "pk": 30, "fields": {"action_time": "2024-12-23T20:05:43.062Z", "user": 1, "content_type": 10, "object_id": "21", "object_repr": "China Order - TOVAR YETIB KELISHINI O’RGANISH CHEGIRMALI TOVARLARNI TOPISH", "action_flag": 1, "change_message": "[{\"added\": {}}]"}}, {"model": "admin.logentry", "pk": 31, "fields": {"action_time": "2024-12-23T20:05:55.427Z", "user": 1, "content_type": 10, "object_id": "22", "object_repr": "China Order - MAGAZIN EGALARI BILAN MULOQOT QILISH", "action_flag": 1, "change_message": "[{\"added\": {}}]"}}, {"model": "admin.logentry", "pk": 32, "fields": {"action_time": "2024-12-23T20:06:03.402Z", "user": 1, "content_type": 10, "object_id": "23", "object_repr": "China Order - BO’LIMLARNI O’RGANISH", "action_flag": 1, "change_message": "[{\"added\": {}}]"}}, {"model": "admin.logentry", "pk": 33, "fields": {"action_time": "2024-12-23T20:06:14.207Z", "user": 1, "content_type": 10, "object_id": "24", "object_repr": "China Order - TO’G’RI TOVAR TANLASH", "action_flag": 1, "change_message": "[{\"added\": {}}]"}}, {"model": "admin.logentry", "pk": 34, "fields": {"action_time": "2024-12-24T18:15:45.902Z", "user": 1, "content_type": 7, "object_id": "4", "object_repr": "Badalova Shaxnoza", "action_flag": 2, "change_message": "[{\"changed\": {\"fields\": [\"Bio\", \"Mentor picture ID\"]}}]"}}, {"model": "admin.logentry", "pk": 35, "fields": {"action_time": "2024-12-24T18:16:18.816Z", "user": 1, "content_type": 7, "object_id": "2", "object_repr": "Mardonbek Norboyev", "action_flag": 2, "change_message": "[{\"changed\": {\"fields\": [\"Bio\"]}}]"}}, {"model": "admin.logentry", "pk": 36, "fields": {"action_time": "2024-12-24T18:22:27.862Z", "user": 1, "content_type": 7, "object_id": "1", "object_repr": "Jo'rayeva Mehriniso", "action_flag": 2, "change_message": "[{\"changed\": {\"fields\": [\"Name\", \"Bio\", \"Mentor picture ID\"]}}]"}}, {"model": "admin.logentry", "pk": 37, "fields": {"action_time": "2024-12-24T18:23:50.215Z", "user": 1, "content_type": 9, "object_id": "4", "object_repr": "Mastering Upwork: A Freelancer’s Guide to Success", "action_flag": 1, "change_message": "[{\"added\": {}}]"}}, {"model": "admin.logentry", "pk": 38, "fields": {"action_time": "2024-12-24T18:24:44.581Z", "user": 1, "content_type": 9, "object_id": "1", "object_repr": "Sotuv", "action_flag": 2, "change_message": "[{\"changed\": {\"fields\": [\"Description\", \"Price\"]}}]"}}, {"model": "admin.logentry", "pk": 39, "fields": {"action_time": "2024-12-24T18:25:33.460Z", "user": 1, "content_type": 9, "object_id": "2", "object_repr": "SMM", "action_flag": 2, "change_message": "[{\"changed\": {\"fields\": [\"Price\"]}}]"}}, {"model": "admin.logentry", "pk": 40, "fields": {"action_time": "2024-12-24T18:26:38.261Z", "user": 1, "content_type": 10, "object_id": "25", "object_repr": "Mastering Upwork: A Freelancer’s Guide to Success - Freelancing and Upwork", "action_flag": 1, "change_message": "[{\"added\": {}}]"}}, {"model": "admin.logentry", "pk": 41, "fields": {"action_time": "2024-12-24T18:26:54.928Z", "user": 1, "content_type": 10, "object_id": "26", "object_repr": "Mastering Upwork: A Freelancer’s Guide to Success - Signing up", "action_flag": 1, "change_message": "[{\"added\": {}}]"}}, {"model": "admin.logentry", "pk": 42, "fields": {"action_time": "2024-12-24T18:27:05.571Z", "user": 1, "content_type": 10, "object_id": "27", "object_repr": "Mastering Upwork: A Freelancer’s Guide to Success - Proposals", "action_flag": 1, "change_message": "[{\"added\": {}}]"}}, {"model": "admin.logentry", "pk": 43, "fields": {"action_time": "2024-12-24T18:27:14.943Z", "user": 1, "content_type": 10, "object_id": "28", "object_repr": "Mastering Upwork: A Freelancer’s Guide to Success - Contracts", "action_flag": 1, "change_message": "[{\"added\": {}}]"}}, {"model": "admin.logentry", "pk": 44, "fields": {"action_time": "2024-12-24T18:27:28.811Z", "user": 1, "content_type": 10, "object_id": "29", "object_repr": "Mastering Upwork: A Freelancer’s Guide to Success - Upwork fees", "action_flag": 1, "change_message": "[{\"added\": {}}]"}}, {"model": "admin.logentry", "pk": 45, "fields": {"action_time": "2024-12-24T18:27:40.024Z", "user": 1, "content_type": 10, "object_id": "30", "object_repr": "Mastering Upwork: A Freelancer’s Guide to Success - Portfolio", "action_flag": 1, "change_message": "[{\"added\": {}}]"}}, {"model": "admin.logentry", "pk": 46, "fields": {"action_time": "2024-12-24T18:27:44.210Z", "user": 1, "content_type": 10, "object_id": "31", "object_repr": "Mastering Upwork: A Freelancer’s Guide to Success - Get paid", "action_flag": 1, "change_message": "[{\"added\": {}}]"}}, {"model": "admin.logentry", "pk": 47, "fields": {"action_time": "2024-12-24T18:27:54.077Z", "user": 1, "content_type": 10, "object_id": "32", "object_repr": "Mastering Upwork: A Freelancer’s Guide to Success - Upwork Agency", "action_flag": 1, "change_message": "[{\"added\": {}}]"}}, {"model": "admin.logentry", "pk": 48, "fields": {"action_time": "2024-12-27T12:30:58.291Z", "user": 1, "content_type": 7, "object_id": "5", "object_repr": "Abdul Sharopov", "action_flag": 1, "change_message": "[{\"added\": {}}]"}}, {"model": "admin.logentry", "pk": 49, "fields": {"action_time": "2024-12-27T12:31:40.342Z", "user": 1, "content_type": 7, "object_id": "6", "object_repr": "Samandar Salomov", "action_flag": 1, "change_message": "[{\"added\": {}}]"}}, {"model": "admin.logentry", "pk": 50, "fields": {"action_time": "2024-12-27T12:32:26.060Z", "user": 1, "content_type": 9, "object_id": "5", "object_repr": "Shaxsiy Brendni rivojlantirish", "action_flag": 1, "change_message": "[{\"added\": {}}]"}}, {"model": "admin.logentry", "pk": 51, "fields": {"action_time": "2024-12-27T12:33:10.207Z", "user": 1, "content_type": 9, "object_id": "6", "object_repr": "AI Tools", "action_flag": 1, "change_message": "[{\"added\": {}}]"}}, {"model": "admin.logentry", "pk": 52, "fields": {"action_time": "2024-12-27T12:34:20.353Z", "user": 1, "content_type": 10, "object_id": "33", "object_repr": "AI Tools - AI yozuv va matn yaratish", "action_flag": 1, "change_message": "[{\"added\": {}}]"}}, {"model": "admin.logentry", "pk": 53, "fields": {"action_time": "2024-12-27T12:34:24.385Z", "user": 1, "content_type": 10, "object_id": "34", "object_repr": "AI Tools - Dasturlash va dasturlash vositalari", "action_flag": 1, "change_message": "[{\"added\": {}}]"}}, {"model": "admin.logentry", "pk": 54, "fields": {"action_time": "2024-12-27T12:34:38.753Z", "user": 1, "content_type": 10, "object_id": "35", "object_repr": "AI Tools - Vizual kontent yaratish", "action_flag": 1, "change_message": "[{\"added\": {}}]"}}, {"model": "admin.logentry", "pk": 55, "fields": {"action_time": "2024-12-27T12:34:49.298Z", "user": 1, "content_type": 10, "object_id": "36", "object_repr": "AI Tools - Marketing va ijtimoiy tarmoqlar", "action_flag": 1, "change_message": "[{\"added\": {}}]"}}, {"model": "admin.logentry", "pk": 56, "fields": {"action_time": "2024-12-27T12:35:10.124Z", "user": 1, "content_type": 10, "object_id": "37", "object_repr": "Shaxsiy Brendni rivojlantirish - Shaxsiy brend nima va nima uchun muhim?", "action_flag": 1, "change_message": "[{\"added\": {}}]"}}, {"model": "admin.logentry", "pk": 57, "fields": {"action_time": "2024-12-27T12:35:23.120Z", "user": 1, "content_type": 10, "object_id": "38", "object_repr": "Shaxsiy Brendni rivojlantirish - O'z brendingizni aniqlash: Strategiya va Analiz", "action_flag": 1, "change_message": "[{\"added\": {}}]"}}, {"model": "admin.logentry", "pk": 58, "fields": {"action_time": "2024-12-27T12:35:38.200Z", "user": 1, "content_type": 10, "object_id": "39", "object_repr": "Shaxsiy Brendni rivojlantirish - Auditoriya bilan aloqalar va tarmoq qurish", "action_flag": 1, "change_message": "[{\"added\": {}}]"}}, {"model": "admin.logentry", "pk": 59, "fields": {"action_time": "2024-12-27T12:35:48.873Z", "user": 1, "content_type": 10, "object_id": "40", "object_repr": "Shaxsiy Brendni rivojlantirish - Kontent yaratish va brendni targ'ib qilish", "action_flag": 1, "change_message": "[{\"added\": {}}]"}}, {"model": "admin.logentry", "pk": 60, "fields": {"action_time": "2024-12-27T12:48:32.302Z", "user": 1, "content_type": 7, "object_id": "6", "object_repr": "Samandar Salomov", "action_flag": 2, "change_message": "[{\"changed\": {\"fields\": [\"Mentor picture ID\"]}}]"}}, {"model": "admin.logentry", "pk": 61, "fields": {"action_time": "2024-12-29T04:39:32.181Z", "user": 1, "content_type": 7, "object_id": "7", "object_repr": "Bobirjon Mardonov", "action_flag": 1, "change_message": "[{\"added\": {}}]"}}, {"model": "admin.logentry", "pk": 62, "fields": {"action_time": "2024-12-29T04:41:25.142Z", "user": 1, "content_type": 7, "object_id": "8", "object_repr": "Abdusamatova Baxora", "action_flag": 1, "change_message": "[{\"added\": {}}]"}}, {"model": "admin.logentry", "pk": 63, "fields": {"action_time": "2024-12-29T05:10:37.070Z", "user": 1, "content_type": 17, "object_id": "1", "object_repr": "SMM", "action_flag": 1, "change_message": "[{\"added\": {}}]"}}, {"model": "admin.logentry", "pk": 64, "fields": {"action_time": "2024-12-29T05:11:27.208Z", "user": 1, "content_type": 17, "object_id": "2", "object_repr": "Sotuv", "action_flag": 1, "change_message": "[{\"added\": {}}]"}}, {"model": "admin.logentry", "pk": 65, "fields": {"action_time": "2024-12-29T05:12:06.653Z", "user": 1, "content_type": 17, "object_id": "3", "object_repr": "Chet eldan buyurtma qilish : Xitoy", "action_flag": 1, "change_message": "[{\"added\": {}}]"}}, {"model": "admin.logentry", "pk": 66, "fields": {"action_time": "2024-12-29T05:13:01.086Z", "user": 1, "content_type": 17, "object_id": "4", "object_repr": "Upworkga kirish: Frilanserlar uchun muvaffaqiyat qo'llanmasi.", "action_flag": 1, "change_message": "[{\"added\": {}}]"}}, {"model": "admin.logentry", "pk": 67, "fields": {"action_time": "2024-12-29T05:14:02.409Z", "user": 1, "content_type": 17, "object_id": "5", "object_repr": "Shaxsiy Brendni rivojlantirish", "action_flag": 1, "change_message": "[{\"added\": {}}]"}}, {"model": "admin.logentry", "pk": 68, "fields": {"action_time": "2024-12-29T05:59:33.686Z", "user": 1, "content_type": 7, "object_id": "6", "object_repr": "Samandar Salomov", "action_flag": 2, "change_message": "[{\"changed\": {\"fields\": [\"Bio\"]}}]"}}, {"model": "admin.logentry", "pk": 69, "fields": {"action_time": "2024-12-29T05:59:41.155Z", "user": 1, "content_type": 7, "object_id": "5", "object_repr": "Abdul Sharopov", "action_flag": 2, "change_message": "[{\"changed\": {\"fields\": [\"Bio\"]}}]"}}, {"model": "admin.logentry", "pk": 70, "fields": {"action_time": "2024-12-29T05:59:45.417Z", "user": 1, "content_type": 7, "object_id": "5", "object_repr": "Abdul Sharopov", "action_flag": 2, "change_message": "[]"}}, {"model": "admin.logentry", "pk": 71, "fields": {"action_time": "2024-12-29T05:59:51.852Z", "user": 1, "content_type": 7, "object_id": "4", "object_repr": "Badalova Shaxnoza", "action_flag": 2, "change_message": "[{\"changed\": {\"fields\": [\"Bio\"]}}]"}}, {"model": "admin.logentry", "pk": 72, "fields": {"action_time": "2024-12-29T05:59:58.299Z", "user": 1, "content_type": 7, "object_id": "3", "object_repr": "Shirin Tokhirova", "action_flag": 2, "change_message": "[{\"changed\": {\"fields\": [\"Bio\"]}}]"}}, {"model": "admin.logentry", "pk": 73, "fields": {"action_time": "2024-12-29T06:00:03.636Z", "user": 1, "content_type": 7, "object_id": "2", "object_repr": "Mardonbek Norboyev", "action_flag": 2, "change_message": "[{\"changed\": {\"fields\": [\"Bio\"]}}]"}}, {"model": "admin.logentry", "pk": 74, "fields": {"action_time": "2024-12-29T06:00:34.666Z", "user": 1, "content_type": 7, "object_id": "1", "object_repr": "Jo'rayeva Mehriniso", "action_flag": 2, "change_message": "[{\"changed\": {\"fields\": [\"Bio\"]}}]"}}, {"model": "admin.logentry", "pk": 75, "fields": {"action_time": "2024-12-29T11:51:35.120Z", "user": 1, "content_type": 7, "object_id": "4", "object_repr": "Badalova Shaxnoza", "action_flag": 2, "change_message": "[{\"changed\": {\"fields\": [\"Bio\"]}}]"}}, {"model": "admin.logentry", "pk": 76, "fields": {"action_time": "2024-12-29T11:52:18.372Z", "user": 1, "content_type": 7, "object_id": "4", "object_repr": "Badalova Shaxnoza", "action_flag": 2, "change_message": "[{\"changed\": {\"fields\": [\"Bio\"]}}]"}}, {"model": "admin.logentry", "pk": 77, "fields": {"action_time": "2024-12-29T11:52:41.635Z", "user": 1, "content_type": 7, "object_id": "4", "object_repr": "Badalova Shaxnoza", "action_flag": 2, "change_message": "[{\"changed\": {\"fields\": [\"Bio\"]}}]"}}, {"model": "admin.logentry", "pk": 78, "fields": {"action_time": "2024-12-29T12:09:14.168Z", "user": 1, "content_type": 7, "object_id": "4", "object_repr": "Badalova Shaxnoza", "action_flag": 2, "change_message": "[{\"changed\": {\"fields\": [\"Mentor picture ID\"]}}]"}}, {"model": "admin.logentry", "pk": 79, "fields": {"action_time": "2024-12-29T16:12:14.828Z", "user": 1, "content_type": 12, "object_id": "1", "object_repr": "Olloyor M", "action_flag": 3, "change_message": ""}}, {"model": "admin.logentry", "pk": 80, "fields": {"action_time": "2024-12-29T16:12:18.429Z", "user": 1, "content_type": 12, "object_id": "9", "object_repr": "Maxammadnabiyev", "action_flag": 3, "change_message": ""}}, {"model": "admin.logentry", "pk": 81, "fields": {"action_time": "2024-12-29T16:19:24.775Z", "user": 1, "content_type": 12, "object_id": "11", "object_repr": "Olloyor Maxammadnabiyev", "action_flag": 2, "change_message": "[{\"changed\": {\"fields\": [\"Phone number\"]}}]"}}, {"model": "admin.logentry", "pk": 82, "fields": {"action_time": "2024-12-29T16:20:29.953Z", "user": 1, "content_type": 12, "object_id": "8", "object_repr": "Bobir Mardonov", "action_flag": 3, "change_message": ""}}, {"model": "admin.logentry", "pk": 83, "fields": {"action_time": "2024-12-29T16:20:45.417Z", "user": 1, "content_type": 12, "object_id": "3", "object_repr": "dilshoda", "action_flag": 3, "change_message": ""}}, {"model": "admin.logentry", "pk": 84, "fields": {"action_time": "2024-12-29T16:20:50.301Z", "user": 1, "content_type": 12, "object_id": "4", "object_repr": "Mardonbek Norboyev", "action_flag": 3, "change_message": ""}}, {"model": "admin.logentry", "pk": 85, "fields": {"action_time": "2024-12-29T16:20:53.082Z", "user": 1, "content_type": 12, "object_id": "2", "object_repr": "Orzugul Umarovna", "action_flag": 3, "change_message": ""}}, {"model": "admin.logentry", "pk": 86, "fields": {"action_time": "2024-12-29T16:20:55.868Z", "user": 1, "content_type": 12, "object_id": "5", "object_repr": "Raykhona Khamrokulova", "action_flag": 3, "change_message": ""}}, {"model": "admin.logentry", "pk": 87, "fields": {"action_time": "2024-12-29T16:20:58.780Z", "user": 1, "content_type": 12, "object_id": "6", "object_repr": "Joʻrayeva Mehriniso ✨멯리니소✨", "action_flag": 3, "change_message": ""}}, {"model": "admin.logentry", "pk": 88, "fields": {"action_time": "2024-12-29T16:21:01.982Z", "user": 1, "content_type": 12, "object_id": "7", "object_repr": "yulduz", "action_flag": 3, "change_message": ""}}, {"model": "admin.logentry", "pk": 89, "fields": {"action_time": "2024-12-29T16:21:06.078Z", "user": 1, "content_type": 12, "object_id": "10", "object_repr": "olloyor m", "action_flag": 3, "change_message": ""}}, {"model": "admin.logentry", "pk": 90, "fields": {"action_time": "2024-12-29T17:12:06.275Z", "user": 1, "content_type": 7, "object_id": "9", "object_repr": "Xo'jamurodova Guljahon", "action_flag": 1, "change_message": "[{\"added\": {}}]"}}, {"model": "admin.logentry", "pk": 91, "fields": {"action_time": "2024-12-29T17:14:24.333Z", "user": 1, "content_type": 12, "object_id": "13", "object_repr": "dede", "action_flag": 3, "change_message": ""}}, {"model": "admin.logentry", "pk": 92, "fields": {"action_time": "2024-12-29T17:15:10.913Z", "user": 1, "content_type": 12, "object_id": "16", "object_repr": "test", "action_flag": 3, "change_message": ""}}, {"model": "admin.logentry", "pk": 93, "fields": {"action_time": "2024-12-29T17:18:06.409Z", "user": 1, "content_type": 12, "object_id": "17", "object_repr": ".", "action_flag": 3, "change_message": ""}}, {"model": "admin.logentry", "pk": 94, "fields": {"action_time": "2024-12-29T19:21:38.028Z", "user": 1, "content_type": 7, "object_id": "5", "object_repr": "Abdul Sharopov", "action_flag": 3, "change_message": ""}}, {"model": "admin.logentry", "pk": 95, "fields": {"action_time": "2024-12-29T19:23:17.683Z", "user": 1, "content_type": 7, "object_id": "4", "object_repr": "Badalova Shaxnoza", "action_flag": 2, "change_message": "[{\"changed\": {\"fields\": [\"Bio\"]}}]"}}, {"model": "admin.logentry", "pk": 96, "fields": {"action_time": "2024-12-29T19:26:46.350Z", "user": 1, "content_type": 7, "object_id": "4", "object_repr": "Badalova Shakhnoza", "action_flag": 2, "change_message": "[{\"changed\": {\"fields\": [\"Name\"]}}]"}}, {"model": "admin.logentry", "pk": 97, "fields": {"action_time": "2024-12-29T19:27:04.413Z", "user": 1, "content_type": 7, "object_id": "4", "object_repr": "Badalova Shaxnoza", "action_flag": 2, "change_message": "[{\"changed\": {\"fields\": [\"Name\"]}}]"}}, {"model": "admin.logentry", "pk": 98, "fields": {"action_time": "2024-12-29T19:28:12.604Z", "user": 1, "content_type": 7, "object_id": "4", "object_repr": "Badalova Shaxnoza", "action_flag": 2, "change_message": "[]"}}, {"model": "admin.logentry", "pk": 99, "fields": {"action_time": "2024-12-29T19:28:15.494Z", "user": 1, "content_type": 7, "object_id": "9", "object_repr": "Xo'jamurodova Guljahon", "action_flag": 2, "change_message": "[]"}}, {"model": "auth.permission", "pk": 1, "fields": {"name": "Can add log entry", "content_type": 1, "codename": "add_logentry"}}, {"model": "auth.permission", "pk": 2, "fields": {"name": "Can change log entry", "content_type": 1, "codename": "change_logentry"}}, {"model": "auth.permission", "pk": 3, "fields": {"name": "Can delete log entry", "content_type": 1, "codename": "delete_logentry"}}, {"model": "auth.permission", "pk": 4, "fields": {"name": "Can view log entry", "content_type": 1, "codename": "view_logentry"}}, {"model": "auth.permission", "pk": 5, "fields": {"name": "Can add permission", "content_type": 2, "codename": "add_permission"}}, {"model": "auth.permission", "pk": 6, "fields": {"name": "Can change permission", "content_type": 2, "codename": "change_permission"}}, {"model": "auth.permission", "pk": 7, "fields": {"name": "Can delete permission", "content_type": 2, "codename": "delete_permission"}}, {"model": "auth.permission", "pk": 8, "fields": {"name": "Can view permission", "content_type": 2, "codename": "view_permission"}}, {"model": "auth.permission", "pk": 9, "fields": {"name": "Can add group", "content_type": 3, "codename": "add_group"}}, {"model": "auth.permission", "pk": 10, "fields": {"name": "Can change group", "content_type": 3, "codename": "change_group"}}, {"model": "auth.permission", "pk": 11, "fields": {"name": "Can delete group", "content_type": 3, "codename": "delete_group"}}, {"model": "auth.permission", "pk": 12, "fields": {"name": "Can view group", "content_type": 3, "codename": "view_group"}}, {"model": "auth.permission", "pk": 13, "fields": {"name": "Can add user", "content_type": 4, "codename": "add_user"}}, {"model": "auth.permission", "pk": 14, "fields": {"name": "Can change user", "content_type": 4, "codename": "change_user"}}, {"model": "auth.permission", "pk": 15, "fields": {"name": "Can delete user", "content_type": 4, "codename": "delete_user"}}, {"model": "auth.permission", "pk": 16, "fields": {"name": "Can view user", "content_type": 4, "codename": "view_user"}}, {"model": "auth.permission", "pk": 17, "fields": {"name": "Can add content type", "content_type": 5, "codename": "add_contenttype"}}, {"model": "auth.permission", "pk": 18, "fields": {"name": "Can change content type", "content_type": 5, "codename": "change_contenttype"}}, {"model": "auth.permission", "pk": 19, "fields": {"name": "Can delete content type", "content_type": 5, "codename": "delete_contenttype"}}, {"model": "auth.permission", "pk": 20, "fields": {"name": "Can view content type", "content_type": 5, "codename": "view_contenttype"}}, {"model": "auth.permission", "pk": 21, "fields": {"name": "Can add session", "content_type": 6, "codename": "add_session"}}, {"model": "auth.permission", "pk": 22, "fields": {"name": "Can change session", "content_type": 6, "codename": "change_session"}}, {"model": "auth.permission", "pk": 23, "fields": {"name": "Can delete session", "content_type": 6, "codename": "delete_session"}}, {"model": "auth.permission", "pk": 24, "fields": {"name": "Can view session", "content_type": 6, "codename": "view_session"}}, {"model": "auth.permission", "pk": 25, "fields": {"name": "Can add Mentor", "content_type": 7, "codename": "add_mentor"}}, {"model": "auth.permission", "pk": 26, "fields": {"name": "Can change Mentor", "content_type": 7, "codename": "change_mentor"}}, {"model": "auth.permission", "pk": 27, "fields": {"name": "Can delete Mentor", "content_type": 7, "codename": "delete_mentor"}}, {"model": "auth.permission", "pk": 28, "fields": {"name": "Can view Mentor", "content_type": 7, "codename": "view_mentor"}}, {"model": "auth.permission", "pk": 29, "fields": {"name": "Can add Mentor Availability", "content_type": 8, "codename": "add_mentoravailability"}}, {"model": "auth.permission", "pk": 30, "fields": {"name": "Can change Mentor Availability", "content_type": 8, "codename": "change_mentoravailability"}}, {"model": "auth.permission", "pk": 31, "fields": {"name": "Can delete Mentor Availability", "content_type": 8, "codename": "delete_mentoravailability"}}, {"model": "auth.permission", "pk": 32, "fields": {"name": "Can view Mentor Availability", "content_type": 8, "codename": "view_mentoravailability"}}, {"model": "auth.permission", "pk": 33, "fields": {"name": "Can add Course", "content_type": 9, "codename": "add_course"}}, {"model": "auth.permission", "pk": 34, "fields": {"name": "Can change Course", "content_type": 9, "codename": "change_course"}}, {"model": "auth.permission", "pk": 35, "fields": {"name": "Can delete Course", "content_type": 9, "codename": "delete_course"}}, {"model": "auth.permission", "pk": 36, "fields": {"name": "Can view Course", "content_type": 9, "codename": "view_course"}}, {"model": "auth.permission", "pk": 37, "fields": {"name": "Can add Lesson", "content_type": 10, "codename": "add_lesson"}}, {"model": "auth.permission", "pk": 38, "fields": {"name": "Can change Lesson", "content_type": 10, "codename": "change_lesson"}}, {"model": "auth.permission", "pk": 39, "fields": {"name": "Can delete Lesson", "content_type": 10, "codename": "delete_lesson"}}, {"model": "auth.permission", "pk": 40, "fields": {"name": "Can view Lesson", "content_type": 10, "codename": "view_lesson"}}, {"model": "auth.permission", "pk": 41, "fields": {"name": "Can add Quiz", "content_type": 11, "codename": "add_quiz"}}, {"model": "auth.permission", "pk": 42, "fields": {"name": "Can change Quiz", "content_type": 11, "codename": "change_quiz"}}, {"model": "auth.permission", "pk": 43, "fields": {"name": "Can delete Quiz", "content_type": 11, "codename": "delete_quiz"}}, {"model": "auth.permission", "pk": 44, "fields": {"name": "Can view Quiz", "content_type": 11, "codename": "view_quiz"}}, {"model": "auth.permission", "pk": 45, "fields": {"name": "Can add Student", "content_type": 12, "codename": "add_student"}}, {"model": "auth.permission", "pk": 46, "fields": {"name": "Can change Student", "content_type": 12, "codename": "change_student"}}, {"model": "auth.permission", "pk": 47, "fields": {"name": "Can delete Student", "content_type": 12, "codename": "delete_student"}}, {"model": "auth.permission", "pk": 48, "fields": {"name": "Can view Student", "content_type": 12, "codename": "view_student"}}, {"model": "auth.permission", "pk": 49, "fields": {"name": "Can add Student Progress", "content_type": 13, "codename": "add_studentprogress"}}, {"model": "auth.permission", "pk": 50, "fields": {"name": "Can change Student Progress", "content_type": 13, "codename": "change_studentprogress"}}, {"model": "auth.permission", "pk": 51, "fields": {"name": "Can delete Student Progress", "content_type": 13, "codename": "delete_studentprogress"}}, {"model": "auth.permission", "pk": 52, "fields": {"name": "Can view Student Progress", "content_type": 13, "codename": "view_studentprogress"}}, {"model": "auth.permission", "pk": 53, "fields": {"name": "Can add Payment", "content_type": 14, "codename": "add_payment"}}, {"model": "auth.permission", "pk": 54, "fields": {"name": "Can change Payment", "content_type": 14, "codename": "change_payment"}}, {"model": "auth.permission", "pk": 55, "fields": {"name": "Can delete Payment", "content_type": 14, "codename": "delete_payment"}}, {"model": "auth.permission", "pk": 56, "fields": {"name": "Can view Payment", "content_type": 14, "codename": "view_payment"}}, {"model": "auth.permission", "pk": 57, "fields": {"name": "Can add Token", "content_type": 15, "codename": "add_token"}}, {"model": "auth.permission", "pk": 58, "fields": {"name": "Can change Token", "content_type": 15, "codename": "change_token"}}, {"model": "auth.permission", "pk": 59, "fields": {"name": "Can delete Token", "content_type": 15, "codename": "delete_token"}}, {"model": "auth.permission", "pk": 60, "fields": {"name": "Can view Token", "content_type": 15, "codename": "view_token"}}, {"model": "auth.permission", "pk": 61, "fields": {"name": "Can add Token", "content_type": 16, "codename": "add_tokenproxy"}}, {"model": "auth.permission", "pk": 62, "fields": {"name": "Can change Token", "content_type": 16, "codename": "change_tokenproxy"}}, {"model": "auth.permission", "pk": 63, "fields": {"name": "Can delete Token", "content_type": 16, "codename": "delete_tokenproxy"}}, {"model": "auth.permission", "pk": 64, "fields": {"name": "Can view Token", "content_type": 16, "codename": "view_tokenproxy"}}, {"model": "auth.permission", "pk": 65, "fields": {"name": "Can add Webinar", "content_type": 17, "codename": "add_webinar"}}, {"model": "auth.permission", "pk": 66, "fields": {"name": "Can change Webinar", "content_type": 17, "codename": "change_webinar"}}, {"model": "auth.permission", "pk": 67, "fields": {"name": "Can delete Webinar", "content_type": 17, "codename": "delete_webinar"}}, {"model": "auth.permission", "pk": 68, "fields": {"name": "Can view Webinar", "content_type": 17, "codename": "view_webinar"}}, {"model": "auth.user", "pk": 1, "fields": {"password": "pbkdf2_sha256$870000$vkndoob7FXsofnYFdtFD3Z$QtDYhb2x4UGnA/rdZFE3D+kT9Awhmi4YQ2mJkTVTV94=", "last_login": "2024-12-25T18:56:00.860Z", "is_superuser": true, "username": "olllayor", "first_name": "", "last_name": "", "email": "", "is_staff": true, "is_active": true, "date_joined": "2024-12-23T19:46:46.214Z", "groups": [], "user_permissions": []}}, {"model": "contenttypes.contenttype", "pk": 1, "fields": {"app_label": "admin", "model": "logentry"}}, {"model": "contenttypes.contenttype", "pk": 2, "fields": {"app_label": "auth", "model": "permission"}}, {"model": "contenttypes.contenttype", "pk": 3, "fields": {"app_label": "auth", "model": "group"}}, {"model": "contenttypes.contenttype", "pk": 4, "fields": {"app_label": "auth", "model": "user"}}, {"model": "contenttypes.contenttype", "pk": 5, "fields": {"app_label": "contenttypes", "model": "contenttype"}}, {"model": "contenttypes.contenttype", "pk": 6, "fields": {"app_label": "sessions", "model": "session"}}, {"model": "contenttypes.contenttype", "pk": 7, "fields": {"app_label": "mentors", "model": "mentor"}}, {"model": "contenttypes.contenttype", "pk": 8, "fields": {"app_label": "mentors", "model": "mentoravailability"}}, {"model": "contenttypes.contenttype", "pk": 9, "fields": {"app_label": "courses", "model": "course"}}, {"model": "contenttypes.contenttype", "pk": 10, "fields": {"app_label": "courses", "model": "lesson"}}, {"model": "contenttypes.contenttype", "pk": 11, "fields": {"app_label": "courses", "model": "quiz"}}, {"model": "contenttypes.contenttype", "pk": 12, "fields": {"app_label": "accounts", "model": "student"}}, {"model": "contenttypes.contenttype", "pk": 13, "fields": {"app_label": "progress", "model": "studentprogress"}}, {"model": "contenttypes.contenttype", "pk": 14, "fields": {"app_label": "payment", "model": "payment"}}, {"model": "contenttypes.contenttype", "pk": 15, "fields": {"app_label": "authtoken", "model": "token"}}, {"model": "contenttypes.contenttype", "pk": 16, "fields": {"app_label": "authtoken", "model": "tokenproxy"}}, {"model": "contenttypes.contenttype", "pk": 17, "fields": {"app_label": "webinar", "model": "webinar"}}, {"model": "sessions.session", "pk": "9onhupchg059a5x90b21z4iwyzgd0p10", "fields": {"session_data": ".eJxVjEEOwiAQRe_C2hAoQ0GX7nuGZqYzSNVAUtqV8e7apAvd_vfef6kRtzWPW5NlnFldlFWn341wekjZAd-x3KqealmXmfSu6IM2PVSW5_Vw_w4ytvytvRcCBgOdF4fGiBX2EK2QpD5CdJHQAwYHyULAcyLuo-8CowXDFNX7A92rN80:1tQWY4:R-__4vagBXrkonr-CBzMO3Uw0SducJiJm48ELIzY6AY", "expire_date": "2025-01-08T18:56:00.861Z"}}, {"model": "sessions.session", "pk": "vvx8v8yy8ouapaq1m3h6ajrh8jgs3co3", "fields": {"session_data": ".eJxVjEEOwiAQRe_C2hAoQ0GX7nuGZqYzSNVAUtqV8e7apAvd_vfef6kRtzWPW5NlnFldlFWn341wekjZAd-x3KqealmXmfSu6IM2PVSW5_Vw_w4ytvytvRcCBgOdF4fGiBX2EK2QpD5CdJHQAwYHyULAcyLuo-8CowXDFNX7A92rN80:1tPoVg:nZgjYdCGsV3TwsRKXnFIqRw-ynIsEPBRsiHuoZMnOLI", "expire_date": "2025-01-06T19:54:36.481Z"}}, {"model": "mentors.mentor", "pk": 1, "fields": {"name": "Jo'rayeva Mehriniso", "bio": "Mehriniso frilanser va Upwork instruktori boʻlib, oʻz tajribasi va strategiyalarini baham koʻrish orqali boshqalarga platformada harakat qilish va muvaffaqiyatga erishishda yordam beradi.\r\n📞Kontakt : littledreamer1513@gmail.com", "profile_picture_id": "AgACAgIAAxkBAAMrZ2r72PFhV0FEN57J-jAVbio4nDcAAv7xMRu5RFlL1r5dsi7GvoEBAAMCAAN5AAM2BA"}}, {"model": "mentors.mentor", "pk": 2, "fields": {"name": "Mardonbek Norboyev", "bio": "5+ biznes va sotuvda tajriba \r\n300+ muvaffaqiyatli sotuvlar\r\n📞Kontakt : @NorboyevMardonbek", "profile_picture_id": "AgACAgIAAxkBAAMNZ2m_xVI_F-s1RJxKYpmiWzwZQ1IAAt3wMRt3mEhL64hS3MR7qOYBAAMCAAN5AAM2BA"}}, {"model": "mentors.mentor", "pk": 3, "fields": {"name": "Shirin Tokhirova", "bio": "Media va marketing sohasida 3+ yillik tajriba, SMM bo’yicha 10 ga yaqin loyihalar va ayni damda frilansdagi fotograf va mobilograf. \r\n\r\n📞Kontakt : @tkhrvash", "profile_picture_id": "AgACAgIAAxkBAAMRZ2m_2i0DL0bYSYx1jy6JBYn9DucAAq_rMRuYXkhLzUmnJdCUkmEBAAMCAAN5AAM2BA"}}, {"model": "mentors.mentor", "pk": 4, "fields": {"name": "Badalova Shaxnoza", "bio": "3 yildan beri online savdo bilan shug'ullanuvchi ekspert\r\n\r\n📞Kontakt : @shonaa_me", "profile_picture_id": "AgACAgIAAxkBAAIClmdxO9pM7cgM923298WivqvOI1jbAAI36zEb2A2IS2shhQTtQ9m7AQADAgADeQADNgQ"}}, {"model": "mentors.mentor", "pk": 6, "fields": {"name": "Samandar Salomov", "bio": "2+ yil marketingda tajriba\r\n\"Do'ppi Media\" Marketing agentligi asoschisi\r\n\r\n📞Kontakt : @SMMMARKETINGSPECIALIST", "profile_picture_id": "AgACAgIAAxkBAAOVZ26iChnoxb4Xelsp24bQE0JqDTQAAnLxMRv1CnhLfaYglSMsbkgBAAMCAAN5AAM2BA"}}, {"model": "mentors.mentor", "pk": 7, "fields": {"name": "Bobirjon Mardonov", "bio": "Speaklish asoschisi, CTO (Texnologiyalar bo‘yicha direktor), AI (sun’iy intellekt) startap bo‘yicha Tech mukofotlari sovrindori.\r\nMa’lumotlar muhandisligi va tahlili sohasida 2 yillik tajribaga ega.", "profile_picture_id": "AgACAgIAAxkBAAIBSmdw0nyOUuxlCtLrqz10qon4lXAhAAJC7jEb5-WBS0RV69TmCx4MAQADAgADeQADNgQ"}}, {"model": "mentors.mentor", "pk": 8, "fields": {"name": "Abdusamatova Baxora", "bio": "2yildan ortiq Google Workspace bo'yicha tajribaga ega mutaxassis.", "profile_picture_id": "AgACAgIAAxkBAAIBTmdw0umPwZMHuNE1NR0W8zU6SNOhAAJD7jEb5-WBSwohsSh1Znn4AQADAgADeQADNgQ"}}, {"model": "mentors.mentor", "pk": 9, "fields": {"name": "Xo'jamurodova Guljahon", "bio": "Ielts 8 egasi.\r\n2 yildan oshiq ingliz tilini o'qitish tajribasiga ega", "profile_picture_id": "AgACAgIAAxkBAAIEWWdxgsSgpSfSTmuQjspWOntiqMoKAAJD5zEb2A2QSyGFtZz-prRVAQADAgADeAADNgQ"}}, {"model": "courses.course", "pk": 1, "fields": {"mentor": 2, "title": "Sotuv", "description": "Sotuv haqida boshlang’ich bilimlar va sotuvda faoliyat yuritish ko’nikmalari.", "price": "500000.00", "created_at": "2024-12-23T19:58:24Z"}}, {"model": "courses.course", "pk": 2, "fields": {"mentor": 3, "title": "SMM", "description": "SMM bo’yicha fundamental bilimlarni berish va ilk loyihani olishga ko’maklashish.", "price": "300000.00", "created_at": "2024-12-23T19:59:06Z"}}, {"model": "courses.course", "pk": 3, "fields": {"mentor": 4, "title": "China Order", "description": "", "price": "0.00", "created_at": "2024-12-23T20:04:36Z"}}, {"model": "courses.course", "pk": 4, "fields": {"mentor": 1, "title": "Mastering Upwork: A Freelancer’s Guide to Success", "description": "Are you ready to turn your skills into a thriving freelance career on Upwork? This comprehensive course is designed to teach you how to create a standout profile, land high-paying clients, and build lasting relationships in the competitive world of freelancing.", "price": "0.00", "created_at": "2024-12-24T18:22:53Z"}}, {"model": "courses.course", "pk": 5, "fields": {"mentor": 6, "title": "Shaxsiy Brendni rivojlantirish", "description": "Personal branding kursida shaxsiy brendni yaratish va rivojlantirishga oid asosiy bilim va ko‘nikmalar o‘rgatiladi. Kurs davomida o‘zini anglash, kuchli tomonlarni aniqlash, maqsadli auditoriyani belgilash, brend strategiyasini ishlab chiqish, ijtimoiy tarmoqlarda professional profiling yaratish, kontent targ‘iboti, networking, imij va nutq madaniyati kabi mavzular qamrab olinadi. Shuningdek, shaxsiy brendni doimiy rivojlantirish va yangi ko‘nikmalarni egallash usullari o‘rgatiladi. Bu bilimlar shaxsiy va professional muvaffaqiyatga erishishda yordam beradi.", "price": "300000.00", "created_at": "2024-12-27T12:31:50Z"}}, {"model": "courses.lesson", "pk": 1, "fields": {"course": 2, "title": "SMM ga kirish va maqsadni aniqlash", "content": "", "is_free": true, "telegram_video_id": null, "created_at": "2024-12-23T20:00:13.846Z", "updated_at": "2024-12-23T20:00:13.846Z"}}, {"model": "courses.lesson", "pk": 2, "fields": {"course": 2, "title": "Bozor va auditoriya analizi", "content": "", "is_free": false, "telegram_video_id": null, "created_at": "2024-12-23T20:00:33.038Z", "updated_at": "2024-12-23T20:00:33.038Z"}}, {"model": "courses.lesson", "pk": 3, "fields": {"course": 2, "title": "Strategiya va kontent plan tuzish", "content": "", "is_free": false, "telegram_video_id": null, "created_at": "2024-12-23T20:00:43.277Z", "updated_at": "2024-12-23T20:00:43.277Z"}}, {"model": "courses.lesson", "pk": 4, "fields": {"course": 2, "title": "Stories-making", "content": "", "is_free": false, "telegram_video_id": null, "created_at": "2024-12-23T20:00:58.438Z", "updated_at": "2024-12-23T20:00:58.438Z"}}, {"model": "courses.lesson", "pk": 5, "fields": {"course": 2, "title": "Syomka va montaj", "content": "", "is_free": false, "telegram_video_id": null, "created_at": "2024-12-23T20:01:08.481Z", "updated_at": "2024-12-23T20:01:08.481Z"}}, {"model": "courses.lesson", "pk": 6, "fields": {"course": 2, "title": "Pragrev va Komyuniti menejment", "content": "", "is_free": false, "telegram_video_id": null, "created_at": "2024-12-23T20:01:26.537Z", "updated_at": "2024-12-23T20:01:26.537Z"}}, {"model": "courses.lesson", "pk": 7, "fields": {"course": 2, "title": "Vazifa taqsimoti va menejment", "content": "", "is_free": false, "telegram_video_id": null, "created_at": "2024-12-23T20:01:34.444Z", "updated_at": "2024-12-23T20:01:34.444Z"}}, {"model": "courses.lesson", "pk": 8, "fields": {"course": 2, "title": "SMM Trends, Ad", "content": "", "is_free": false, "telegram_video_id": null, "created_at": "2024-12-23T20:01:44.965Z", "updated_at": "2024-12-23T20:01:44.965Z"}}, {"model": "courses.lesson", "pk": 9, "fields": {"course": 2, "title": "Campaigns, and Professional", "content": "", "is_free": false, "telegram_video_id": null, "created_at": "2024-12-23T20:01:54.120Z", "updated_at": "2024-12-23T20:01:54.120Z"}}, {"model": "courses.lesson", "pk": 10, "fields": {"course": 2, "title": "Development", "content": "", "is_free": false, "telegram_video_id": null, "created_at": "2024-12-23T20:02:02.689Z", "updated_at": "2024-12-23T20:02:02.689Z"}}, {"model": "courses.lesson", "pk": 11, "fields": {"course": 1, "title": "Sotuvga kirish", "content": "", "is_free": true, "telegram_video_id": null, "created_at": "2024-12-23T20:02:44.185Z", "updated_at": "2024-12-23T20:02:44.185Z"}}, {"model": "courses.lesson", "pk": 12, "fields": {"course": 1, "title": "Sotuv jarayonining bosqichlari", "content": "", "is_free": false, "telegram_video_id": null, "created_at": "2024-12-23T20:02:55.596Z", "updated_at": "2024-12-23T20:02:55.596Z"}}, {"model": "courses.lesson", "pk": 13, "fields": {"course": 1, "title": "Potensial mijozlarni qidirish va yaratish", "content": "", "is_free": false, "telegram_video_id": null, "created_at": "2024-12-23T20:03:03.844Z", "updated_at": "2024-12-23T20:03:03.844Z"}}, {"model": "courses.lesson", "pk": 14, "fields": {"course": 1, "title": "Mijoz bilan aloqa o’rnatish va muammolarni yengish", "content": "", "is_free": false, "telegram_video_id": null, "created_at": "2024-12-23T20:03:12.747Z", "updated_at": "2024-12-23T20:03:12.747Z"}}, {"model": "courses.lesson", "pk": 15, "fields": {"course": 1, "title": "Samarali sotuv taqdimoti", "content": "", "is_free": false, "telegram_video_id": null, "created_at": "2024-12-23T20:03:25.488Z", "updated_at": "2024-12-23T20:03:25.488Z"}}, {"model": "courses.lesson", "pk": 16, "fields": {"course": 1, "title": "Bitimni yopish texnikalari", "content": "", "is_free": false, "telegram_video_id": null, "created_at": "2024-12-23T20:03:34.244Z", "updated_at": "2024-12-23T20:03:34.244Z"}}, {"model": "courses.lesson", "pk": 17, "fields": {"course": 1, "title": "Sotuv ko‘rsatkichlarini tahlil qilish va rivojlanish", "content": "", "is_free": false, "telegram_video_id": null, "created_at": "2024-12-23T20:03:41.660Z", "updated_at": "2024-12-23T20:03:41.660Z"}}, {"model": "courses.lesson", "pk": 18, "fields": {"course": 3, "title": "ILOVADAN RO’YXATDAN O’TISH", "content": "", "is_free": true, "telegram_video_id": null, "created_at": "2024-12-23T20:05:07.925Z", "updated_at": "2024-12-23T20:05:07.925Z"}}, {"model": "courses.lesson", "pk": 19, "fields": {"course": 3, "title": "VISA KARTA ULASH", "content": "", "is_free": false, "telegram_video_id": null, "created_at": "2024-12-23T20:05:16.310Z", "updated_at": "2024-12-23T20:05:16.310Z"}}, {"model": "courses.lesson", "pk": 20, "fields": {"course": 3, "title": "ILOVADAN TOVAR SOTIB OLISH TARTIBI", "content": "", "is_free": false, "telegram_video_id": null, "created_at": "2024-12-23T20:05:30.686Z", "updated_at": "2024-12-23T20:05:30.686Z"}}, {"model": "courses.lesson", "pk": 21, "fields": {"course": 3, "title": "TOVAR YETIB KELISHINI O’RGANISH CHEGIRMALI TOVARLARNI TOPISH", "content": "", "is_free": false, "telegram_video_id": null, "created_at": "2024-12-23T20:05:43.061Z", "updated_at": "2024-12-23T20:05:43.061Z"}}, {"model": "courses.lesson", "pk": 22, "fields": {"course": 3, "title": "MAGAZIN EGALARI BILAN MULOQOT QILISH", "content": "", "is_free": false, "telegram_video_id": null, "created_at": "2024-12-23T20:05:55.426Z", "updated_at": "2024-12-23T20:05:55.426Z"}}, {"model": "courses.lesson", "pk": 23, "fields": {"course": 3, "title": "BO’LIMLARNI O’RGANISH", "content": "", "is_free": false, "telegram_video_id": null, "created_at": "2024-12-23T20:06:03.401Z", "updated_at": "2024-12-23T20:06:03.401Z"}}, {"model": "courses.lesson", "pk": 24, "fields": {"course": 3, "title": "TO’G’RI TOVAR TANLASH", "content": "", "is_free": false, "telegram_video_id": null, "created_at": "2024-12-23T20:06:14.206Z", "updated_at": "2024-12-23T20:06:14.206Z"}}, {"model": "courses.lesson", "pk": 25, "fields": {"course": 4, "title": "Freelancing and Upwork", "content": "", "is_free": true, "telegram_video_id": null, "created_at": "2024-12-24T18:26:38.259Z", "updated_at": "2024-12-24T18:26:38.259Z"}}, {"model": "courses.lesson", "pk": 26, "fields": {"course": 4, "title": "Signing up", "content": "", "is_free": false, "telegram_video_id": null, "created_at": "2024-12-24T18:26:54.927Z", "updated_at": "2024-12-24T18:26:54.927Z"}}, {"model": "courses.lesson", "pk": 27, "fields": {"course": 4, "title": "Proposals", "content": "", "is_free": false, "telegram_video_id": null, "created_at": "2024-12-24T18:27:05.570Z", "updated_at": "2024-12-24T18:27:05.570Z"}}, {"model": "courses.lesson", "pk": 28, "fields": {"course": 4, "title": "Contracts", "content": "", "is_free": false, "telegram_video_id": null, "created_at": "2024-12-24T18:27:14.942Z", "updated_at": "2024-12-24T18:27:14.942Z"}}, {"model": "courses.lesson", "pk": 29, "fields": {"course": 4, "title": "Upwork fees", "content": "", "is_free": false, "telegram_video_id": null, "created_at": "2024-12-24T18:27:28.810Z", "updated_at": "2024-12-24T18:27:28.810Z"}}, {"model": "courses.lesson", "pk": 30, "fields": {"course": 4, "title": "Portfolio", "content": "", "is_free": false, "telegram_video_id": null, "created_at": "2024-12-24T18:27:40.023Z", "updated_at": "2024-12-24T18:27:40.023Z"}}, {"model": "courses.lesson", "pk": 31, "fields": {"course": 4, "title": "Get paid", "content": "", "is_free": false, "telegram_video_id": null, "created_at": "2024-12-24T18:27:44.209Z", "updated_at": "2024-12-24T18:27:44.209Z"}}, {"model": "courses.lesson", "pk": 32, "fields": {"course": 4, "title": "Upwork Agency", "content": "", "is_free": false, "telegram_video_id": null, "created_at": "2024-12-24T18:27:54.076Z", "updated_at": "2024-12-24T18:27:54.076Z"}}, {"model": "courses.lesson", "pk": 37, "fields": {"course": 5, "title": "Shaxsiy brend nima va nima uchun muhim?", "content": "", "is_free": true, "telegram_video_id": null, "created_at": "2024-12-27T12:35:10.122Z", "updated_at": "2024-12-27T12:35:10.122Z"}}, {"model": "courses.lesson", "pk": 38, "fields": {"course": 5, "title": "O'z brendingizni aniqlash: Strategiya va Analiz", "content": "", "is_free": false, "telegram_video_id": null, "created_at": "2024-12-27T12:35:23.119Z", "updated_at": "2024-12-27T12:35:23.119Z"}}, {"model": "courses.lesson", "pk": 39, "fields": {"course": 5, "title": "Auditoriya bilan aloqalar va tarmoq qurish", "content": "", "is_free": false, "telegram_video_id": null, "created_at": "2024-12-27T12:35:38.199Z", "updated_at": "2024-12-27T12:35:38.199Z"}}, {"model": "courses.lesson", "pk": 40, "fields": {"course": 5, "title": "Kontent yaratish va brendni targ'ib qilish", "content": "", "is_free": false, "telegram_video_id": null, "created_at": "2024-12-27T12:35:48.872Z", "updated_at": "2024-12-27T12:35:48.872Z"}}, {"model": "accounts.student", "pk": 11, "fields": {"name": "Olloyor Maxammadnabiyev", "phone_number": null, "telegram_id": "1917035033", "created_at": "2024-12-29T16:18:50.808Z", "auth_token": "0e945741b51b0710c3bf185e2e801ab180103fe032d76046fb74c51ac41ea00f", "token_created_at": "2024-12-29T20:22:56.141Z"}}, {"model": "accounts.student", "pk": 12, "fields": {"name": "Olloyor m", "phone_number": "+998917359223", "telegram_id": "7781265700", "created_at": "2024-12-29T16:29:51.941Z", "auth_token": "f97b929a2850593873da7d03a3acbc9cc305f7afba8b8216288056c163288b74", "token_created_at": "2024-12-29T16:48:56.564Z"}}, {"model": "accounts.student", "pk": 14, "fields": {"name": "dilshoda", "phone_number": null, "telegram_id": "5454776673", "created_at": "2024-12-29T17:09:38.384Z", "auth_token": "db4225dded69c195b07c62f480460adf56d3eb5966aa90c95c8f41d274b3dc38", "token_created_at": "2024-12-29T17:09:38.387Z"}}, {"model": "accounts.student", "pk": 15, "fields": {"name": "guldasta", "phone_number": null, "telegram_id": "6255189392", "created_at": "2024-12-29T17:10:39.357Z", "auth_token": "e779fba5988128354ffca42245ed3353b49912ffdcf8453ca7e0d223f5035056", "token_created_at": "2024-12-29T20:12:23.195Z"}}, {"model": "accounts.student", "pk": 18, "fields": {"name": "frf", "phone_number": "+998909001234", "telegram_id": "6566321922", "created_at": "2024-12-29T17:18:12.762Z", "auth_token": "947aa127a19dbca24ec72b56e636f09636d0ca9d3b3df7659a374e4d75389d17", "token_created_at": "2024-12-29T17:18:12.765Z"}}, {"model": "accounts.student", "pk": 19, "fields": {"name": "Mardonbek", "phone_number": "+998900331314", "telegram_id": "1604017807", "created_at": "2024-12-29T18:00:14.219Z", "auth_token": "38f6c573a3bf7b9c6218585119bd407c79aeb4ea9a6a1f17cb3bed919777d3fc", "token_created_at": "2024-12-29T20:07:45.175Z"}}, {"model": "accounts.student", "pk": 20, "fields": {"name": "Yulduz", "phone_number": "+998901153774", "telegram_id": "2024957530", "created_at": "2024-12-29T19:15:12.570Z", "auth_token": "9c96eb0e6e4c1b02dd133c8b3e174f8921cbabb9c453d17718de40d0d696e5c6", "token_created_at": "2024-12-29T19:15:12.574Z"}}, {"model": "accounts.student", "pk": 21, "fields": {"name": "Orzugul Umarovna", "phone_number": null, "telegram_id": "6072405089", "created_at": "2024-12-29T19:55:24.304Z", "auth_token": "373bcd052da6eaccce86c68b5a608522739813cff7ad9611bcc0623e0f256a96", "token_created_at": "2024-12-29T20:22:39.745Z"}}, {"model": "accounts.student", "pk": 22, "fields": {"name": "Orzugul", "phone_number": "+19086529554", "telegram_id": "717428675", "created_at": "2024-12-29T19:59:03.122Z", "auth_token": "d510e0d6411f6d4189ad11d51e59987b059673c771a2f0bc99005316d1a3240b", "token_created_at": "2024-12-29T19:59:03.125Z"}}, {"model": "accounts.student", "pk": 23, "fields": {"name": "Abdul", "phone_number": "+998901232982", "telegram_id": "50117395", "created_at": "2024-12-29T19:59:55.372Z", "auth_token": "3553338d2cfe659e1d15998b639c3d784fbd5f1281ed13c628b89dc0a1eceeb2", "token_created_at": "2024-12-29T19:59:55.374Z"}}, {"model": "webinar.webinar", "pk": 1, "fields": {"mentor": 3, "title": "SMM", "description": "", "video_telegram_id": "BAACAgIAAxkBAAIBUGdw2b2qSinux9A6FzNgRfsrRLdWAAJKYwACbUGwSu-XXxsvrMNVNgQ", "duration": null, "status": "scheduled", "created_at": "2024-12-29T05:10:37.067Z"}}, {"model": "webinar.webinar", "pk": 2, "fields": {"mentor": 2, "title": "Sotuv", "description": "", "video_telegram_id": "BAACAgIAAxkBAAIBVmdw2faJr95nHZn2dCtOHYJHJ9TnAAKNYwACCTj4SlVkoLXdX2WlNgQ", "duration": null, "status": "scheduled", "created_at": "2024-12-29T05:11:27.204Z"}}, {"model": "webinar.webinar", "pk": 3, "fields": {"mentor": 4, "title": "Chet eldan buyurtma qilish : Xitoy", "description": "", "video_telegram_id": "BAACAgIAAxkBAAIBXGdw2iLUGi4hdx71pGclyftOaexDAAKyagACTl1BSxt80L0INJroNgQ", "duration": null, "status": "scheduled", "created_at": "2024-12-29T05:12:06.650Z"}}, {"model": "webinar.webinar", "pk": 4, "fields": {"mentor": 1, "title": "Upworkga kirish: Frilanserlar uchun muvaffaqiyat qo'llanmasi.", "description": "", "video_telegram_id": "BAACAgIAAxkBAAIBYGdw2lhjxhCzcfd-VWla-WZtphpzAAIcZQAChEVgSzNdYjgkDOo6NgQ", "duration": null, "status": "scheduled", "created_at": "2024-12-29T05:13:01.083Z"}}, {"model": "webinar.webinar", "pk": 5, "fields": {"mentor": 6, "title": "Shaxsiy Brendni rivojlantirish", "description": "", "video_telegram_id": "BAACAgIAAxkBAAIBZGdw2pWoZEZK8VieBEf1DEC5lLO6AAK1YQACQVUxSighy76tt8RxNgQ", "duration": null, "status": "scheduled", "created_at": "2024-12-29T05:14:02.406Z"}}]